Name,Price,Descriptions,Reviews,Rates
Lenovo,399.,"est IdeaPad 15.6'' FHD Laptop, 20GB RAM, 1TB SSD, Intel Pentium Silver N6000, 1 Year Microsoft Office 365, Webcam, Type-C, SD Card Reader, Wi-Fi 6, Windows 11, JVQ MP Black  ",40,4.1
,399.,,,
"Laptop Computer 16GB DDR4 512GB SSD, Intel Quad-Core N95 Processor Windows 11 Laptop, 15.6 inch Laptop with Metal Body Support 1080P, TF Card, WiFi, BT5.0, Type_C, 38Wh Battery",359.,"Laptop Computer 16GB DDR4 512GB SSD, Intel Quad-Core N95 Processor Windows 11 Laptop, 15.6 inch Laptop with Metal Body Support 1080P, TF Card, WiFi, BT5.0, Type_C, 38Wh Battery  ",12,4.7
,359.,,,
SGIN,199.,"Laptop 4GB DDR4 RAM 128GB SSD, 15.6 Inch Laptops, Intel Celeron Quad Core Processor, Intel UHD Graphics 600, WiFi, Bluetooth 4.2, USB3.0, Mini HDMI  ",14,4.3
,199.,,,
"IdeaPad 1 14 Laptop, 14.0"" HD Display, Intel Celeron N4020, 4GB RAM, 64GB Storage, Intel UHD Graphics 600, Win 11 in S Mode, Cloud Grey",155.,"IdeaPad 1 14 Laptop, 14.0"" HD Display, Intel Celeron N4020, 4GB RAM, 64GB Storage, Intel UHD Graphics 600, Win 11 in S Mode, Cloud Grey  ",312,3.7
,155.,,,
acer,327.,"Aspire 3 A315-24P-R7VH Slim Laptop | 15.6"" Full HD IPS Display | AMD Ryzen 3 7320U Quad-Core Processor | AMD Radeon Graphics | 8GB LPDDR5 | 128GB NVMe SSD | Wi-Fi 6 | Windows 11 Home in S Mode  ","1,026",4.3
,327.,,,
msi,641.,"Newest GF63 Thin Gaming Laptop, 15.6"" FHD 144Hz, Intel i5-11400H, RTX 3050, 16GB RAM, 512GB NVMe SSD, Windows 11, Aluminum Black  ",41,3.9
,641.,,,
"14"" Laptop Computer, 16GB RAM Laptop 512GB SSD, Intel Quad-Cores N4120 Processor, Windows 11 Pro Laptop with 1080P FHD IPS Screen, Support 2.4G/5G WiFi, USB 3.0, Long Lasting Battery",279.,"14"" Laptop Computer, 16GB RAM Laptop 512GB SSD, Intel Quad-Cores N4120 Processor, Windows 11 Pro Laptop with 1080P FHD IPS Screen, Support 2.4G/5G WiFi, USB 3.0, Long Lasting Battery  ",5,5.0
,279.,,,
HP,301.,"15.6"" Portable Laptop (Include 1 Year Microsoft 365), HD Display, Intel Quad-Core N200 Processor, 16GB RAM, 128GB Storage, Wi-Fi 6, Webcam, HDMI, Numeric Keypad, Windows 11 Home, Silver  ",35,4.3
,301.,,,
ASUS,"1,349.","Zenbook S 13 OLED Ultra Laptop, 13.3” OLED 2.8K Display, Intel Evo Certified, i7-1355U CPU, Intel® Iris Xe Graphics, 32GB RAM, 1TB SSD, Windows 11 Pro, Basalt Grey, UX5304VA-XS76T  ",104,4.4
,"1,349.",,,
SGIN,259.,"17 Inch Laptop 4GB RAM 128GB SSD, Laptops with IPS Display, Intel Celeron Quad-Core Processor(Up to 2.5GHz), Mini HDMI, Webcam, Wi-Fi, 512GB Expansion  ",157,4.4
,259.,,,
HP,259.,"Newest 14"" Ultral Light Laptop for Students and Business, Intel Quad-Core N4120, 8GB RAM, 192GB Storage(64GB eMMC+128GB Micro SD), 1 Year Office 365, Webcam, HDMI, WiFi, USB-A&C, Win 11 S  ","1,087",4.2
,259.,,,
"Laptop Computer, 16GB LPDDR5 RAM Laptop 512GB NVMe SSD, Intel 4-Core N100 Processor, 15.6 Inch 1080P IPS Display Windows 11 Pro Laptops, WiFi 6, BT 5.0, RJ45 Ethernet, USB Type-C, Fingerprint",349.,"Laptop Computer, 16GB LPDDR5 RAM Laptop 512GB NVMe SSD, Intel 4-Core N100 Processor, 15.6 Inch 1080P IPS Display Windows 11 Pro Laptops, WiFi 6, BT 5.0, RJ45 Ethernet, USB Type-C, Fingerprint  ",11,4.3
,349.,,,
"15.6'' Laptop Computer, 12GB RAM, 512GB SSD, 1080P FHD Display, Intel Jasper Lake N5095 Up to 2.8GHz, Ultra Slim, 170° Open Angle, 2.4G+5G WiFi, Windows 11 Laptops Computers - Space Gray",359.,,27,4.6
,359.,,,
Morostron,419.,"15.6"" Metal Laptop Intel Quad-Core Processor, 16GB RAM 1TB SSD 1080P FHD IPS Display, Windows 11 Laptop Computer with Backlit Keyboard & Touch ID WiFi, Bluetooth 4.2, Mini HDMI  ",19,4.3
,419.,,,
Lenovo,429.,"15.6"" IdeaPad Laptop with 1 Year Microsoft Office 365, Intel Pentium Quad-Core Processor, 20GB RAM, 1TB SSD (128GB eMMC+1TB PCIe SSD), Wi-Fi 6 and Bluetooth 5.0, HDMI, NLY MP, Windows 11  ",133,4.2
,429.,,,
ASUS,799.,"Zenbook 15 Laptop, 15.6” FHD Display, AMD Ryzen 5 7535U CPU, AMD Radeon Graphics, 16GB RAM, 512GB SSD, Windows 11 Home, Ponder Blue, UM3504DA-AS54  ",135,4.2
,799.,,,
Dell,994.,"Newest 13th Generation Business Inspiron 15 3530 Laptop, 15.6"" FHD Touchscreen, Intel Core i7-1355U, 64GB RAM, 2TB SSD, Webcam, HDMI, Wi-Fi 6, Windows 11 Pro, Black  ",19,4.2
,994.,,,
HP,269.,"Premium 14-inch HD Thin and Light Laptop, Intel Quad-Core Processor, Long Battery Life, Webcam, Bluetooth, Wi-Fi, Portable SSD, Rose Gold, Win 11 + 1 Year Microsoft 365(8GB RAM | 320GB Storage)  ",,
,269.,,,
Lenovo,172.,"Ideapad 1i Thin Light Laptop, 14.0"" HD Display, Intel Celeron N4020(up to 2.80 GHz), 4GB RAM 64GB eMMC, WiFi 6, Webcam, 10Hr Battery, Windows 11 S, Cloud Grey  ",44,3.9
,172.,,,
HP,469.,"Newest 15.6 FHD Flagship Business Laptop, Intel 4-Core i3-1215U (Beat i5-1155G7) up to 4.4GHz, 32GB RAM, 1TB NVMe SSD, Fast Charge, Numpad, Bluetooth, Wi-Fi, HDMI, Windows 11,w/GM Accessories  ",47,4.2
,469.,,,
Microsoft,"1,399.","Surface Laptop 5 (2022), 13.5"" Touch Screen, Thin & Lightweight, Long Battery Life, Fast Intel i7 Processor for Multi-Tasking, 16GB RAM, 512GB Storage with Windows 11, Black  ",242,4.4
,"1,399.",,,
acer,688.,"Nitro 5 AN515-58-525P Gaming Laptop |Core i5-12500H | NVIDIA GeForce RTX 3050 Laptop GPU | 15.6"" FHD 144Hz IPS Display | 8GB DDR4 | 512GB PCIe Gen 4 SSD | Killer Wi-Fi 6 | Backlit Keyboard, Black  ",400,4.6
,688.,,,
HP,279.,"Latest Stream 14"" HD Laptop, Intel Celeron Processor, 8GB Memory, 64GB eMMC Storage, Fast Charge, HDMI, Up to 11 Hours Long Battery Life, Office 365 1-Year, Win 11 S, Microfiber Bundle, Pink Gold  ",303,4.3
,279.,,,
"Android Tablet 2 in 1 Tablet, 10 inch Android 12 Tablet 6GB+64GB with Keyboard, Tablets with Case Mouse Stylus,512GB Expandable Dual Camera, WiFi, Bluetooth, Google Certified Tablet PC(Green)",99.,,195,4.1
,99.,,,
"Laptop Computer, 16GB RAM Laptop 512GB SSD, Intel Quad-Core N4120 Processor, 15.6 Inch 1080P IPS Screen Windows 11 Laptop, Support 2.4/5G WiFi, Bluetooth 4.2, USB 3.0, Expandable Up to 1TB",298.,"Laptop Computer, 16GB RAM Laptop 512GB SSD, Intel Quad-Core N4120 Processor, 15.6 Inch 1080P IPS Screen Windows 11 Laptop, Support 2.4/5G WiFi, Bluetooth 4.2, USB 3.0, Expandable Up to 1TB  ",10,4.8
,298.,,,
"14.1Inch Laptop 8GB RAM 512GB SSD, IPS1080PLaptop, Intel Quad-Core(Up to 2.7GHz) J4125 Processor Windows 11 Pro laptops, HD Camera, Dual Frequency WiFi(2.4G/5G)",459.,"14.1Inch Laptop 8GB RAM 512GB SSD, IPS1080PLaptop, Intel Quad-Core(Up to 2.7GHz) J4125 Processor Windows 11 Pro laptops, HD Camera, Dual Frequency WiFi(2.4G/5G)  ",,
,459.,,,
"Gateway 2-in-1 Ultra Thin Student Laptop, 11.6"" HD Touchscreen, Intel Celeron N4020, 4GB RAM 128GB Storage(64GB eMMC +64GB MSD Card), Mini HDMI, Webcam, WiFi, Win 11, Blue, 1 Year Office 365",199.,"Gateway 2-in-1 Ultra Thin Student Laptop, 11.6"" HD Touchscreen, Intel Celeron N4020, 4GB RAM 128GB Storage(64GB eMMC +64GB MSD Card), Mini HDMI, Webcam, WiFi, Win 11, Blue, 1 Year Office 365  ",9,4.1
,199.,,,
ASUS,"1,579.","2023 MUX ROG Zephyrus G14, Thin & Light Gaming Laptop, 14"" QHD (16:10) 165Hz Display, AMD Ryzen 9-7940HS, NVIDIA GEFORCE RTX 4060, with Cloth(32GB|2TB)  ",,
,"1,579.",,,
jumper,229.,"Laptop, 16 Inch FHD IPS 16:10 Screen, Intel Celeron Quad Core CPU, 4GB LPDDR4 RAM 128GB Storage, Laptops Computer, Office 365 1-Year Subscription, 4 Stereo Speakers, Numeric Keypad.  ",41,4.6
,229.,,,
"2024 Windows 11 Laptop Computer, 14.1 inch Notebook PC with Intel J4005 Processor, 12GB DDR4 RAM / 256GB SSD, 1080P FHD Display, WiFi 5, BT, Ethernet Port for School, Business",219.,"2024 Windows 11 Laptop Computer, 14.1 inch Notebook PC with Intel J4005 Processor, 12GB DDR4 RAM / 256GB SSD, 1080P FHD Display, WiFi 5, BT, Ethernet Port for School, Business  ",10,4.7
,219.,,,
jumper,379.,"Laptop Computer 16"", Laptops Intel Quad Core N100 CPU(Up to 3.4G), FHD IPS 1920x1200 Display, 16GB DDR4 512GB SSD, Lap Top with 2.4G+5G WiFi, Cooling System, 4 Stereo Speaker, 38WH Battery.  ",2,5.0
,379.,,,
"Laptop Computer(10.1 inch), Quad Core Powered by Android 12.0, Netbook Computer with WiFi, Webcam and Bluetooth, Mini Laptop with Bag, Mouse, and Mouse Pad for Kids and Adults（Pink）",148.,"Laptop Computer(10.1 inch), Quad Core Powered by Android 12.0, Netbook Computer with WiFi, Webcam and Bluetooth, Mini Laptop with Bag, Mouse, and Mouse Pad for Kids and Adults（Pink）  ",140,3.6
,148.,,,
"Laptop Computer, 16GB RAM Laptop 512GB SSD, Intel Quad-Core N4120 Processor, 15.6 Inch 1080P IPS Screen Windows 11 Laptop, Support 2.4/5G WiFi, Bluetooth 4.2, USB 3.0, Expandable Up to 1TB",298.,"Laptop Computer, 16GB RAM Laptop 512GB SSD, Intel Quad-Core N4120 Processor, 15.6 Inch 1080P IPS Screen Windows 11 Laptop, Support 2.4/5G WiFi, Bluetooth 4.2, USB 3.0, Expandable Up to 1TB  ",10,4.8
,298.,,,
"14.1Inch Laptop 8GB RAM 512GB SSD, IPS1080PLaptop, Intel Quad-Core(Up to 2.7GHz) J4125 Processor Windows 11 Pro laptops, HD Camera, Dual Frequency WiFi(2.4G/5G)",459.,"14.1Inch Laptop 8GB RAM 512GB SSD, IPS1080PLaptop, Intel Quad-Core(Up to 2.7GHz) J4125 Processor Windows 11 Pro laptops, HD Camera, Dual Frequency WiFi(2.4G/5G)  ",,
,459.,,,
"Gateway 2-in-1 Ultra Thin Student Laptop, 11.6"" HD Touchscreen, Intel Celeron N4020, 4GB RAM 128GB Storage(64GB eMMC +64GB MSD Card), Mini HDMI, Webcam, WiFi, Win 11, Blue, 1 Year Office 365",199.,"Gateway 2-in-1 Ultra Thin Student Laptop, 11.6"" HD Touchscreen, Intel Celeron N4020, 4GB RAM 128GB Storage(64GB eMMC +64GB MSD Card), Mini HDMI, Webcam, WiFi, Win 11, Blue, 1 Year Office 365  ",9,4.1
,199.,,,
ASUS,"1,579.","2023 MUX ROG Zephyrus G14, Thin & Light Gaming Laptop, 14"" QHD (16:10) 165Hz Display, AMD Ryzen 9-7940HS, NVIDIA GEFORCE RTX 4060, with Cloth(32GB|2TB)  ",,
,"1,579.",,,
jumper,229.,"Laptop, 16 Inch FHD IPS 16:10 Screen, Intel Celeron Quad Core CPU, 4GB LPDDR4 RAM 128GB Storage, Laptops Computer, Office 365 1-Year Subscription, 4 Stereo Speakers, Numeric Keypad.  ",41,4.6
,229.,,,
"2024 Windows 11 Laptop Computer, 14.1 inch Notebook PC with Intel J4005 Processor, 12GB DDR4 RAM / 256GB SSD, 1080P FHD Display, WiFi 5, BT, Ethernet Port for School, Business",219.,"2024 Windows 11 Laptop Computer, 14.1 inch Notebook PC with Intel J4005 Processor, 12GB DDR4 RAM / 256GB SSD, 1080P FHD Display, WiFi 5, BT, Ethernet Port for School, Business  ",10,4.7
,219.,,,
jumper,379.,"Laptop Computer 16"", Laptops Intel Quad Core N100 CPU(Up to 3.4G), FHD IPS 1920x1200 Display, 16GB DDR4 512GB SSD, Lap Top with 2.4G+5G WiFi, Cooling System, 4 Stereo Speaker, 38WH Battery.  ",2,5.0
,379.,,,
"Laptop Computer(10.1 inch), Quad Core Powered by Android 12.0, Netbook Computer with WiFi, Webcam and Bluetooth, Mini Laptop with Bag, Mouse, and Mouse Pad for Kids and Adults（Pink）",148.,"Laptop Computer(10.1 inch), Quad Core Powered by Android 12.0, Netbook Computer with WiFi, Webcam and Bluetooth, Mini Laptop with Bag, Mouse, and Mouse Pad for Kids and Adults（Pink）  ",140,3.6
,148.,,,
"Laptop Computer, 16GB RAM Laptop 512GB SSD, Intel Quad-Core N4120 Processor, 15.6 Inch 1080P IPS Screen Windows 11 Laptop, Support 2.4/5G WiFi, Bluetooth 4.2, USB 3.0, Expandable Up to 1TB",298.,"Laptop Computer, 16GB RAM Laptop 512GB SSD, Intel Quad-Core N4120 Processor, 15.6 Inch 1080P IPS Screen Windows 11 Laptop, Support 2.4/5G WiFi, Bluetooth 4.2, USB 3.0, Expandable Up to 1TB  ",10,4.8
,298.,,,
"14.1Inch Laptop 8GB RAM 512GB SSD, IPS1080PLaptop, Intel Quad-Core(Up to 2.7GHz) J4125 Processor Windows 11 Pro laptops, HD Camera, Dual Frequency WiFi(2.4G/5G)",459.,"14.1Inch Laptop 8GB RAM 512GB SSD, IPS1080PLaptop, Intel Quad-Core(Up to 2.7GHz) J4125 Processor Windows 11 Pro laptops, HD Camera, Dual Frequency WiFi(2.4G/5G)  ",,
,459.,,,
"Gateway 2-in-1 Ultra Thin Student Laptop, 11.6"" HD Touchscreen, Intel Celeron N4020, 4GB RAM 128GB Storage(64GB eMMC +64GB MSD Card), Mini HDMI, Webcam, WiFi, Win 11, Blue, 1 Year Office 365",199.,"Gateway 2-in-1 Ultra Thin Student Laptop, 11.6"" HD Touchscreen, Intel Celeron N4020, 4GB RAM 128GB Storage(64GB eMMC +64GB MSD Card), Mini HDMI, Webcam, WiFi, Win 11, Blue, 1 Year Office 365  ",9,4.1
,199.,,,
ASUS,"1,579.","2023 MUX ROG Zephyrus G14, Thin & Light Gaming Laptop, 14"" QHD (16:10) 165Hz Display, AMD Ryzen 9-7940HS, NVIDIA GEFORCE RTX 4060, with Cloth(32GB|2TB)  ",,
,"1,579.",,,
jumper,229.,"Laptop, 16 Inch FHD IPS 16:10 Screen, Intel Celeron Quad Core CPU, 4GB LPDDR4 RAM 128GB Storage, Laptops Computer, Office 365 1-Year Subscription, 4 Stereo Speakers, Numeric Keypad.  ",41,4.6
,229.,,,
"2024 Windows 11 Laptop Computer, 14.1 inch Notebook PC with Intel J4005 Processor, 12GB DDR4 RAM / 256GB SSD, 1080P FHD Display, WiFi 5, BT, Ethernet Port for School, Business",219.,"2024 Windows 11 Laptop Computer, 14.1 inch Notebook PC with Intel J4005 Processor, 12GB DDR4 RAM / 256GB SSD, 1080P FHD Display, WiFi 5, BT, Ethernet Port for School, Business  ",10,4.7
,219.,,,
jumper,379.,"Laptop Computer 16"", Laptops Intel Quad Core N100 CPU(Up to 3.4G), FHD IPS 1920x1200 Display, 16GB DDR4 512GB SSD, Lap Top with 2.4G+5G WiFi, Cooling System, 4 Stereo Speaker, 38WH Battery.  ",2,5.0
,379.,,,
"Laptop Computer(10.1 inch), Quad Core Powered by Android 12.0, Netbook Computer with WiFi, Webcam and Bluetooth, Mini Laptop with Bag, Mouse, and Mouse Pad for Kids and Adults（Pink）",148.,"Laptop Computer(10.1 inch), Quad Core Powered by Android 12.0, Netbook Computer with WiFi, Webcam and Bluetooth, Mini Laptop with Bag, Mouse, and Mouse Pad for Kids and Adults（Pink）  ",140,3.6
,148.,,,
"Laptop Computer, 16GB RAM Laptop 512GB SSD, Intel Quad-Core N4120 Processor, 15.6 Inch 1080P IPS Screen Windows 11 Laptop, Support 2.4/5G WiFi, Bluetooth 4.2, USB 3.0, Expandable Up to 1TB",298.,"Laptop Computer, 16GB RAM Laptop 512GB SSD, Intel Quad-Core N4120 Processor, 15.6 Inch 1080P IPS Screen Windows 11 Laptop, Support 2.4/5G WiFi, Bluetooth 4.2, USB 3.0, Expandable Up to 1TB  ",10,4.8
,298.,,,
"14.1Inch Laptop 8GB RAM 512GB SSD, IPS1080PLaptop, Intel Quad-Core(Up to 2.7GHz) J4125 Processor Windows 11 Pro laptops, HD Camera, Dual Frequency WiFi(2.4G/5G)",459.,"14.1Inch Laptop 8GB RAM 512GB SSD, IPS1080PLaptop, Intel Quad-Core(Up to 2.7GHz) J4125 Processor Windows 11 Pro laptops, HD Camera, Dual Frequency WiFi(2.4G/5G)  ",,
,459.,,,
"Gateway 2-in-1 Ultra Thin Student Laptop, 11.6"" HD Touchscreen, Intel Celeron N4020, 4GB RAM 128GB Storage(64GB eMMC +64GB MSD Card), Mini HDMI, Webcam, WiFi, Win 11, Blue, 1 Year Office 365",199.,"Gateway 2-in-1 Ultra Thin Student Laptop, 11.6"" HD Touchscreen, Intel Celeron N4020, 4GB RAM 128GB Storage(64GB eMMC +64GB MSD Card), Mini HDMI, Webcam, WiFi, Win 11, Blue, 1 Year Office 365  ",9,4.1
,199.,,,
ASUS,"1,579.","2023 MUX ROG Zephyrus G14, Thin & Light Gaming Laptop, 14"" QHD (16:10) 165Hz Display, AMD Ryzen 9-7940HS, NVIDIA GEFORCE RTX 4060, with Cloth(32GB|2TB)  ",,
,"1,579.",,,
jumper,229.,"Laptop, 16 Inch FHD IPS 16:10 Screen, Intel Celeron Quad Core CPU, 4GB LPDDR4 RAM 128GB Storage, Laptops Computer, Office 365 1-Year Subscription, 4 Stereo Speakers, Numeric Keypad.  ",41,4.6
,229.,,,
"2024 Windows 11 Laptop Computer, 14.1 inch Notebook PC with Intel J4005 Processor, 12GB DDR4 RAM / 256GB SSD, 1080P FHD Display, WiFi 5, BT, Ethernet Port for School, Business",219.,"2024 Windows 11 Laptop Computer, 14.1 inch Notebook PC with Intel J4005 Processor, 12GB DDR4 RAM / 256GB SSD, 1080P FHD Display, WiFi 5, BT, Ethernet Port for School, Business  ",10,4.7
,219.,,,
jumper,379.,"Laptop Computer 16"", Laptops Intel Quad Core N100 CPU(Up to 3.4G), FHD IPS 1920x1200 Display, 16GB DDR4 512GB SSD, Lap Top with 2.4G+5G WiFi, Cooling System, 4 Stereo Speaker, 38WH Battery.  ",2,5.0
,379.,,,
"Laptop Computer(10.1 inch), Quad Core Powered by Android 12.0, Netbook Computer with WiFi, Webcam and Bluetooth, Mini Laptop with Bag, Mouse, and Mouse Pad for Kids and Adults（Pink）",148.,"Laptop Computer(10.1 inch), Quad Core Powered by Android 12.0, Netbook Computer with WiFi, Webcam and Bluetooth, Mini Laptop with Bag, Mouse, and Mouse Pad for Kids and Adults（Pink）  ",140,3.6
,148.,,,
